{
	"partitions" : [
		{
			"name" : "Top",
			"pins" : [
				{
					"name" : "seg[0]",
					"strict" : false
				},
				{
					"name" : "seg[1]",
					"strict" : false
				},
				{
					"name" : "seg[2]",
					"strict" : false
				},
				{
					"name" : "seg[3]",
					"strict" : false
				},
				{
					"name" : "seg[4]",
					"strict" : false
				},
				{
					"name" : "seg[6]",
					"strict" : false
				},
				{
					"name" : "led_door_open",
					"strict" : false
				},
				{
					"name" : "led_door_closed",
					"strict" : false
				},
				{
					"name" : "led_door_closing",
					"strict" : false
				},
				{
					"name" : "led_floor_btn",
					"strict" : false
				},
				{
					"name" : "led_door_btn",
					"strict" : false
				},
				{
					"name" : "reset",
					"strict" : false
				},
				{
					"name" : "clk",
					"strict" : false
				},
				{
					"name" : "ps2_data",
					"strict" : false
				},
				{
					"name" : "ps2_clk",
					"strict" : false
				}
			]
		}
	]
}