# Copyright (C) 2023  Intel Corporation. All rights reserved.
# Your use of Intel Corporation's design tools, logic functions 
# and other software and tools, and any partner logic 
# functions, and any output files from any of the foregoing 
# (including device programming or simulation files), and any 
# associated documentation or information are expressly subject 
# to the terms and conditions of the Intel Program License 
# Subscription Agreement, the Intel Quartus Prime License Agreement,
# the Intel FPGA IP License Agreement, or other applicable license
# agreement, including, without limitation, that your use is for
# the sole purpose of programming logic devices manufactured by
# Intel and sold by Intel or its authorized distributors.  Please
# refer to the applicable agreement for further details, at
# https://fpgasoftware.intel.com/eula.

# Quartus Prime Version 22.1std.2 Build 922 07/20/2023 SC Lite Edition
# File: C:\Users\layates\Documents\layates424quartus\Elevator_System\Elevator_System.csv
# Generated on: Mon Nov 11 14:42:12 2024

# Note: The column header names should not be changed if you wish to import this .csv file into the Quartus Prime software.

To,Direction,Location,I/O Bank,VREF Group,I/O Standard,Reserved,Current Strength,Slew Rate,Differential Pair,Transceiver Analog Settings Protocol,VCCR_GXB/VCCT_GXB Voltage,Transceiver I/O Pin Termination,Transceiver Dedicated Refclk Pin Termination,Transmitter Common Mode Driver Voltage,Transmitter Slew Rate Control,Transmitter Differential Output Voltage,Receiver Buffer Common Mode Voltage,Strict Preservation
clk,Input,PIN_AF14,3B,B3B_N0,,,,,,,,,,,,,,
led_door_btn,Output,PIN_AC22,4A,B4A_N0,,,,,,,,,,,,,,
led_door_closed,Output,PIN_AA24,5A,B5A_N0,,,,,,,,,,,,,,
led_door_closing,Output,PIN_AB23,5A,B5A_N0,,,,,,,,,,,,,,
led_door_open,Output,PIN_AC23,4A,B4A_N0,,,,,,,,,,,,,,
led_floor_btn,Output,PIN_AB22,5A,B5A_N0,,,,,,,,,,,,,,
ps2_clk,Input,PIN_AB25,5A,B5A_N0,,,,,,,,,,,,,,
ps2_data,Input,PIN_AA25,5A,B5A_N0,,,,,,,,,,,,,,
reset,Input,PIN_AB30,5B,B5B_N0,,,,,,,,,,,,,,
seg[6],Output,PIN_W17,4A,B4A_N0,,,,,,,,,,,,,,
seg[5],Output,PIN_V18,4A,B4A_N0,,,,,,,,,,,,,,
seg[4],Output,PIN_AG17,4A,B4A_N0,,,,,,,,,,,,,,
seg[3],Output,PIN_AG16,4A,B4A_N0,,,,,,,,,,,,,,
seg[2],Output,PIN_AH17,4A,B4A_N0,,,,,,,,,,,,,,
seg[1],Output,PIN_AG18,4A,B4A_N0,,,,,,,,,,,,,,
seg[0],Output,PIN_AH18,4A,B4A_N0,,,,,,,,,,,,,,
